filename,UUID_mass_spec,aliquot_id,mass_spec_id,status,field_sample_id_fk,field_sample_id_pk,source_taxon,collector_fullname,Unnamed: 9,sample_type,taxon_search_string,is_approximate_match,is_synonym,matched_name,nomenclature_code,score,search_string,taxon.flags,taxon.is_suppressed,taxon.is_suppressed_from_synth,taxon.name,taxon.ott_id,taxon.rank,taxon.source,taxon.synonyms,taxon.tax_sources,taxon.unique_name,ott_id,organism_otol_kingdom,organism_otol_phylum,organism_otol_class,organism_otol_order,organism_otol_family,organism_otol_genus,organism_otol_species,organism_otol_unique_name,organism_otol_kingdom_ott_id,organism_otol_phylum_ott_id,organism_otol_class_ott_id,organism_otol_order_ott_id,organism_otol_family_ott_id,organism_otol_genus_ott_id,organism_otol_species_ott_id,domain,no rank,subfamily,subgenus,subtribe,tribe,domain_ott_id,no rank_ott_id,subfamily_ott_id,subgenus_ott_id,subtribe_ott_id,tribe_ott_id,flags,rank
202406251749_PMA_dbgi_003101_01_01.mzML,af17a64c-c8cc-4f33-bb57-dd8a29f66777,dbgi_003101_01_01,202406251749_PMA_dbgi_003101_01_01,OK,dbgi_003101,dbgi_003101,Stephanandra incisa (Thunb.) Zabel 'Crispa',Emmanuel Defossez,,sample,stephanandra incisa,False,True,Stephanandra incisa,ICN,1.0,stephanandra incisa,[],False,False,Neillia incisa,424284.0,species,ott3.6draft1,"['Neillia incisa macrophylla', 'Opulaster flexuosus', 'Opulaster gracilis', 'Physocarpus flexuosus', 'Physocarpus gracilis', 'Spiraea incisa', 'Stephanandra flexuosa', 'Stephanandra gracilis', 'Stephanandra incisa', 'Stephanandra incisa macrophylla', 'Stephanandra incisa quadrifissa', 'Stephanandra quadrifissa']","['ncbi:190009', 'gbif:3853033', 'irmng:11199484']",Neillia incisa,424284.0,Archaeplastida,Streptophyta,Magnoliopsida,Rosales,Rosaceae,Neillia,Neillia incisa,Neillia incisa,5268475.0,916750.0,99252.0,208031.0,208036.0,48013.0,424284.0,Eukaryota,life,Amygdaloideae,,,Neillieae,304358.0,805080.0,731134.0,,,376838.0,[],species
202406251749_PMA_dbgi_003140_01_01.mzML,f711b238-b494-4da3-97ca-fe8f15596fde,dbgi_003140_01_01,202406251749_PMA_dbgi_003140_01_01,OK,dbgi_003140,dbgi_003140,Papaver somniferum L.,Pierre-Marie Allard,,sample,papaver somniferum,False,False,Papaver somniferum,ICN,1.0,papaver somniferum,[],False,False,Papaver somniferum,438118.0,species,ott3.6draft1,"['Papaver album', 'Papaver album-nigrum', 'Papaver amoenum', 'Papaver amplexicaule', 'Papaver apodocarpum', 'Papaver dubium glabrum', 'Papaver glabrum', 'Papaver hortense', 'Papaver indehiscens', 'Papaver nigrum', 'Papaver officinale', 'Papaver opiiferum', 'Papaver opiiferum album', 'Papaver polycephalum', 'Papaver setigerum nigrum', 'Papaver setigerum valdesetosum', 'Papaver somniferum albiflorum', 'Papaver somniferum album', 'Papaver somniferum convar. nigrum (Hayne) Alef.', 'Papaver somniferum euroasiaticum', 'Papaver somniferum hortense', 'Papaver somniferum nigrum', 'Papaver somniferum officinalis', 'Papaver somniferum poecilospermum', 'Papaver somniferum subspontaneum', 'Papaver somniferum valdesetosum', 'Papaver somniferum variegatum', 'Papaver stipitatum']","['ncbi:3469', 'gbif:2888439', 'irmng:11129602']",Papaver somniferum,438118.0,Archaeplastida,Streptophyta,Magnoliopsida,Ranunculales,Papaveraceae,Papaver,Papaver somniferum,Papaver somniferum,5268475.0,916750.0,99252.0,872975.0,438092.0,438123.0,438118.0,Eukaryota,life,Papaveroideae,,,,304358.0,805080.0,5478993.0,,,,[],species
202406251749_PMA_dbgi_003151_01_01.mzML,38d0687c-b92b-4677-be4f-b291079eb300,dbgi_003151_01_01,202406251749_PMA_dbgi_003151_01_01,OK,dbgi_003151,dbgi_003151,Lycopersicon esculentum Mill.,Pierre-Marie Allard,,sample,lycopersicon esculentum,False,True,Lycopersicon esculentum,ICN,1.0,lycopersicon esculentum,[],False,False,Solanum lycopersicum,378964.0,species,ott3.6draft1,"['Amatula flava', 'Amatula rubra', 'Lycopersicon cerasiforme', 'Lycopersicon esculentum', 'Lycopersicon esculentum cerasiforme', 'Lycopersicon esculentum galenii', 'Lycopersicon esculentum humboldtii', 'Lycopersicon esculentum leptophyllum', 'Lycopersicon esculentum pyriforme', 'Lycopersicon esculentum var. esculentum', 'Lycopersicon esculentum vulgare', 'Lycopersicon galeni', 'Lycopersicon humboldtii', 'Lycopersicon lycopersicon', 'Lycopersicon lycopersicum', 'Lycopersicon lycopersicum cerasiforme', 'Lycopersicon pimpinellifolium', 'Lycopersicon pomum-amoris', 'Lycopersicon pyriforme', 'Lycopersicon racemigerum', 'Lycopersicon solanum', 'Lycopersicon solanum-lycopersicum', 'Lycopersicum cerasiforme', 'Lycopersicum esculentum', 'Lycopersicum pimpinellifolium', 'Lycopersicum pyriforme', 'Lycopersicum racemigerum', 'Scubulon humboldti', 'Solanum esculentum', 'Solanum humboldtii', 'Solanum luridum', 'Solanum lycopersicum cerasiforme', 'Solanum lycopersicum var. humboldtii', 'Solanum melongena esculentum', 'Solanum pomiferum', 'Solanum pseudolycopersicum', 'Solanum pyriforme', 'Solanum spurium']","['ncbi:4081', 'gbif:2930137', 'gbif:9608998', 'irmng:11222025']",Solanum lycopersicum,378964.0,Archaeplastida,Streptophyta,Magnoliopsida,Solanales,Solanaceae,Solanum,Solanum lycopersicum,Solanum lycopersicum,5268475.0,916750.0,99252.0,1050255.0,473827.0,1020645.0,378964.0,Eukaryota,life,Solanoideae,Lycopersicon,,Solaneae,304358.0,805080.0,13867.0,79618.0,,1061420.0,[],species
202406251749_PMA_dbgi_003154_01_01.mzML,c770c9d2-6246-4532-83b7-1ffe53901550,dbgi_003154_01_01,202406251749_PMA_dbgi_003154_01_01,OK,dbgi_003154,dbgi_003154,Datura stramonium L. var. stramonium,Pierre-Marie Allard,,sample,datura stramonium,False,False,Datura stramonium,ICN,1.0,datura stramonium,[],False,False,Datura stramonium,822825.0,species,ott3.6draft1,"['Datura bernhardii', 'Datura capensis', 'Datura ferox', 'Datura hybrida', 'Datura inermis', 'Datura laevis', 'Datura loricata', 'Datura lurida', 'Datura parviflora', 'Datura praecox', 'Datura pseudostramonium', 'Datura stramonium chalybaea', 'Datura stramonium chalybea', 'Datura stramonium inermis', 'Datura stramonium stramonium', 'Datura stramonium tatula', 'Datura tatula', 'Datura tatula tatula', 'Datura wallichii', 'Stramonium foetidum', 'Stramonium laeve', 'Stramonium spinosum', 'Stramonium vulgare', 'Stramonium vulgatum']","['ncbi:4076', 'gbif:2928751', 'irmng:10207659']",Datura stramonium,822825.0,Archaeplastida,Streptophyta,Magnoliopsida,Solanales,Solanaceae,Datura,Datura stramonium,Datura stramonium,5268475.0,916750.0,99252.0,1050255.0,473827.0,655485.0,822825.0,Eukaryota,life,Solanoideae,,,Datureae,304358.0,805080.0,13867.0,,,484909.0,[],species
202406251749_PMA_dbgi_003155_01_01.mzML,93e7cd56-6e4f-41cd-b3aa-55b0e628f658,dbgi_003155_01_01,202406251749_PMA_dbgi_003155_01_01,OK,dbgi_003155,dbgi_003155,Rubus idaeus L. 'Autumn Bliss',Emmanuel Defossez,,sample,rubus idaeus,False,False,Rubus idaeus,ICN,1.0,rubus idaeus,['incertae_sedis_inherited'],False,False,Rubus idaeus,156929.0,species,ott3.6draft1,"['Batidaea idaea', 'Batidaea vulgaris', 'Rubus chrysocarpus', 'Rubus frambaesianus', 'Rubus idaeus denudatus', 'Rubus idaeus integrifolius', 'Rubus idaeus simplicifolius']","['ncbi:32247', 'gbif:2993094', 'irmng:10187044']",Rubus idaeus,156929.0,Archaeplastida,Streptophyta,Magnoliopsida,Rosales,Rosaceae,Rubus,Rubus idaeus,Rubus idaeus,5268475.0,916750.0,99252.0,208031.0,208036.0,972648.0,156929.0,Eukaryota,life,Rosoideae,,,,304358.0,805080.0,731147.0,,,,['incertae_sedis_inherited'],species
202406251749_PMA_dbgi_003164_01_01.mzML,16982165-224f-4e1f-ae93-2d3b6adce6a5,dbgi_003164_01_01,202406251749_PMA_dbgi_003164_01_01,OK,dbgi_003164,dbgi_003164,Glaucium flavum Crantz,Pierre-Marie Allard,,sample,glaucium flavum,False,False,Glaucium flavum,ICN,1.0,glaucium flavum,[],False,False,Glaucium flavum,96178.0,species,ott3.6draft1,"['Chelidonium corniculatum', 'Chelidonium fulvum', 'Chelidonium glaucium', 'Chelidonium glaucum', 'Chelidonium littorale', 'Glacium flavum', 'Glaucium flavum glabratum', 'Glaucium flavum subleiocarpum', 'Glaucium flavum vestitum', 'Glaucium fulvum', 'Glaucium glaucium', 'Glaucium glaucum', 'Glaucium leiocarpum', 'Glaucium littorale', 'Glaucium luteum', 'Glaucium maritimum', 'Glaucium richardsonii', 'Glaucium serpieri', 'Glaucium tricolor', 'Papaver cornutum']","['ncbi:56853', 'worms:425801', 'gbif:5334190', 'irmng:10194536', 'irmng:10214322']",Glaucium flavum,96178.0,Archaeplastida,Streptophyta,Magnoliopsida,Ranunculales,Papaveraceae,Glaucium,Glaucium flavum,Glaucium flavum,5268475.0,916750.0,99252.0,872975.0,438092.0,96179.0,96178.0,Eukaryota,life,Papaveroideae,,,,304358.0,805080.0,5478993.0,,,,[],species
202406251749_PMA_dbgi_003179_01_01.mzML,48ec2881-a143-4298-b040-e30945cea040,dbgi_003179_01_01,202406251749_PMA_dbgi_003179_01_01,OK,dbgi_003179,dbgi_003179,Lamprocapnos spectabilis (L.) Fukuhara,Pierre-Marie Allard,,sample,lamprocapnos spectabilis,False,False,Lamprocapnos spectabilis,ICN,1.0,lamprocapnos spectabilis,[],False,False,Lamprocapnos spectabilis,928569.0,species,ott3.6draft1,['Dicentra spectabilis'],"['ncbi:54415', 'irmng:10661166']",Lamprocapnos spectabilis,928569.0,Archaeplastida,Streptophyta,Magnoliopsida,Ranunculales,Papaveraceae,Lamprocapnos,Lamprocapnos spectabilis,Lamprocapnos spectabilis,5268475.0,916750.0,99252.0,872975.0,438092.0,928574.0,928569.0,Eukaryota,life,Fumarioideae,,,,304358.0,805080.0,438104.0,,,,[],species
202406251749_PMA_dbgi_003180_01_01.mzML,11f62bda-69de-4e6a-98b3-34a70504de33,dbgi_003180_01_01,202406251749_PMA_dbgi_003180_01_01,OK,dbgi_003180,dbgi_003180,Petunia integrifolia (Hook.) Schinz et Thell.,Emmanuel Defossez,,sample,petunia integrifolia,False,False,Petunia integrifolia,ICN,1.0,petunia integrifolia,[],False,False,Petunia integrifolia,1020641.0,species,ott3.6draft1,['Petunia violacea'],"['ncbi:4103', 'gbif:2928861', 'irmng:11009249']",Petunia integrifolia,1020641.0,Archaeplastida,Streptophyta,Magnoliopsida,Solanales,Solanaceae,Petunia,Petunia integrifolia,Petunia integrifolia,5268475.0,916750.0,99252.0,1050255.0,473827.0,1020635.0,1020641.0,Eukaryota,life,Petunioideae,,,,304358.0,805080.0,13861.0,,,,[],species
202406251749_PMA_dbgi_003185_01_01.mzML,a73ab817-0d28-4cc1-9527-b761e78e689c,dbgi_003185_01_01,202406251749_PMA_dbgi_003185_01_01,OK,dbgi_003185,dbgi_003185,Agrimonia eupatoria L.,Emmanuel Defossez,,sample,agrimonia eupatoria,False,False,Agrimonia eupatoria,ICN,1.0,agrimonia eupatoria,[],False,False,Agrimonia eupatoria,852855.0,species,ott3.6draft1,"['Agrimonia alba', 'Agrimonia bracteosa']","['ncbi:57912', 'gbif:3001956', 'irmng:10190010']",Agrimonia eupatoria,852855.0,Archaeplastida,Streptophyta,Magnoliopsida,Rosales,Rosaceae,Agrimonia,Agrimonia eupatoria,Agrimonia eupatoria,5268475.0,916750.0,99252.0,208031.0,208036.0,435258.0,852855.0,Eukaryota,life,Rosoideae,,Agrimoniinae,Sanguisorbeae,304358.0,805080.0,731147.0,,842795.0,891493.0,[],species
202406251749_PMA_dbgi_003187_01_01.mzML,5baa03c9-5cf1-4386-b1ae-996774206807,dbgi_003187_01_01,202406251749_PMA_dbgi_003187_01_01,OK,dbgi_003187,dbgi_003187,Glaucium flavum Crantz,Pierre-Marie Allard,,sample,glaucium flavum,False,False,Glaucium flavum,ICN,1.0,glaucium flavum,[],False,False,Glaucium flavum,96178.0,species,ott3.6draft1,"['Chelidonium corniculatum', 'Chelidonium fulvum', 'Chelidonium glaucium', 'Chelidonium glaucum', 'Chelidonium littorale', 'Glacium flavum', 'Glaucium flavum glabratum', 'Glaucium flavum subleiocarpum', 'Glaucium flavum vestitum', 'Glaucium fulvum', 'Glaucium glaucium', 'Glaucium glaucum', 'Glaucium leiocarpum', 'Glaucium littorale', 'Glaucium luteum', 'Glaucium maritimum', 'Glaucium richardsonii', 'Glaucium serpieri', 'Glaucium tricolor', 'Papaver cornutum']","['ncbi:56853', 'worms:425801', 'gbif:5334190', 'irmng:10194536', 'irmng:10214322']",Glaucium flavum,96178.0,Archaeplastida,Streptophyta,Magnoliopsida,Ranunculales,Papaveraceae,Glaucium,Glaucium flavum,Glaucium flavum,5268475.0,916750.0,99252.0,872975.0,438092.0,96179.0,96178.0,Eukaryota,life,Papaveroideae,,,,304358.0,805080.0,5478993.0,,,,[],species
202406251749_PMA_dbgi_003196_01_01.mzML,d8faa652-40cb-444e-8f4b-0245472c748c,dbgi_003196_01_01,202406251749_PMA_dbgi_003196_01_01,OK,dbgi_003196,dbgi_003196,Waldsteinia fragarioides Tratt.,Emmanuel Defossez,,sample,waldsteinia fragarioides,False,True,Waldsteinia fragarioides,ICN,1.0,waldsteinia fragarioides,['sibling_higher'],False,False,Geum fragarioides,731522.0,species,ott3.6draft1,"['Comaropsis fragarioides', 'Dalibarda fragarioides', 'Dryas trifoliata', 'Geum waldsteinia', 'Rubus fragarioides', 'Waldsteinia fragarioides', 'Waldsteinia fragarioides fragarioides', 'Waldstenia fragarioides', 'Waldstenia fragarioides fragarioides']","['ncbi:32251', 'gbif:5370015', 'irmng:11105684', 'irmng:10701289']",Geum fragarioides,731522.0,Archaeplastida,Streptophyta,Magnoliopsida,Rosales,Rosaceae,Geum,Geum fragarioides,Geum fragarioides,5268475.0,916750.0,99252.0,208031.0,208036.0,28622.0,731522.0,Eukaryota,life,Rosoideae,,,Colurieae,304358.0,805080.0,731147.0,,,366725.0,['sibling_higher'],species
202406251749_PMA_dbgi_003198_01_01.mzML,55e57059-738e-4a4f-bc6b-65f0bf62ae2b,dbgi_003198_01_01,202406251749_PMA_dbgi_003198_01_01,OK,dbgi_003198,dbgi_003198,Corydalis flexuosa Franch.,Pierre-Marie Allard,,sample,corydalis flexuosa,False,False,Corydalis flexuosa,ICN,1.0,corydalis flexuosa,[],False,False,Corydalis flexuosa,731831.0,species,ott3.6draft1,[],"['ncbi:332428', 'gbif:7315169']",Corydalis flexuosa,731831.0,Archaeplastida,Streptophyta,Magnoliopsida,Ranunculales,Papaveraceae,Corydalis,Corydalis flexuosa,Corydalis flexuosa,5268475.0,916750.0,99252.0,872975.0,438092.0,438103.0,731831.0,Eukaryota,life,Fumarioideae,,,,304358.0,805080.0,438104.0,,,,[],species
202406251749_PMA_dbgi_003214_01_01.mzML,807654ec-c372-4264-acdc-d241c9f3e804,dbgi_003214_01_01,202406251749_PMA_dbgi_003214_01_01,OK,dbgi_003214,dbgi_003214,Hyoscyamus niger L.,Emmanuel Defossez,,sample,hyoscyamus niger,False,False,Hyoscyamus niger,ICN,1.0,hyoscyamus niger,[],False,False,Hyoscyamus niger,822716.0,species,ott3.6draft1,"['Hyoscyamus agrestis', 'Hyoscyamus auriculatus', 'Hyoscyamus bohemicus', 'Hyoscyamus lethalis', 'Hyoscyamus niger agrestis', 'Hyoscyamus niger annuus', 'Hyoscyamus niger auriculatus', 'Hyoscyamus niger bohemicus', 'Hyoscyamus niger chinensis', 'Hyoscyamus niger pallidus', 'Hyoscyamus nigerbiennis', 'Hyoscyamus officinarum', 'Hyoscyamus pallidus', 'Hyoscyamus persicus', 'Hyoscyamus pictus', 'Hyoscyamus syspirensis', 'Hyoscyamus verviensis', 'Hyoscyamus vulgaris']","['ncbi:4079', 'gbif:2928978', 'irmng:11119789']",Hyoscyamus niger,822716.0,Archaeplastida,Streptophyta,Magnoliopsida,Solanales,Solanaceae,Hyoscyamus,Hyoscyamus niger,Hyoscyamus niger,5268475.0,916750.0,99252.0,1050255.0,473827.0,655479.0,822716.0,Eukaryota,life,Solanoideae,,,Hyoscyameae,304358.0,805080.0,13867.0,,,716094.0,[],species
202406251749_PMA_dbgi_003223_01_01.mzML,d11db983-d25b-4bc2-a9fc-0b5dce5e3fd0,dbgi_003223_01_01,202406251749_PMA_dbgi_003223_01_01,OK,dbgi_003223,dbgi_003223,Rosa glauca Pourr.,Emmanuel Defossez,,sample,rosa glauca,False,False,Rosa glauca,ICN,1.0,rosa glauca,['incertae_sedis_inherited'],False,False,Rosa glauca,333889.0,species,ott3.6draft1,"['Rosa caesia glauca', 'Rosa cinnamomea rubrifolia', 'Rosa cinnamonea rubrifolia', 'Rosa ferruginea', 'Rosa glaucescens', 'Rosa gutensteinensis', 'Rosa ilseana', 'Rosa livida', 'Rosa lurida', 'Rosa rubicunda', 'Rosa rubrifolia', 'Rosa rubrifolia cinnamoneoides', 'Rosa rubrifolia senticosiformis']","['ncbi:74637', 'gbif:3003709', 'irmng:10188513', 'irmng:10583372', 'irmng:10765518', 'irmng:10584964', 'irmng:10184052', 'irmng:10586527']",Rosa glauca,333889.0,Archaeplastida,Streptophyta,Magnoliopsida,Rosales,Rosaceae,Rosa,Rosa glauca,Rosa glauca,5268475.0,916750.0,99252.0,208031.0,208036.0,259066.0,333889.0,Eukaryota,life,Rosoideae,,,,304358.0,805080.0,731147.0,,,,['incertae_sedis_inherited'],species
202406251749_PMA_dbgi_mapp_bk_blk_pre03.mzML,ND,ND,ND,ND,ND,ND,ND,ND,ND,blank,,,,,,,,,,,,,,,,,,,,,,,,,,,,,,,,,,,,,,,,,,,,,,,
202406251749_PMA_dbgi_mapp_bk_blk_pre02.mzML,ND,ND,ND,ND,ND,ND,ND,ND,ND,blank,,,,,,,,,,,,,,,,,,,,,,,,,,,,,,,,,,,,,,,,,,,,,,,
202406251749_PMA_dbgi_mapp_bk_blk_pre01.mzML,ND,ND,ND,ND,ND,ND,ND,ND,ND,blank,,,,,,,,,,,,,,,,,,,,,,,,,,,,,,,,,,,,,,,,,,,,,,,
202406251749_PMA_dbgi_mapp_bk_blk_post03.mzML,ND,ND,ND,ND,ND,ND,ND,ND,ND,blank,,,,,,,,,,,,,,,,,,,,,,,,,,,,,,,,,,,,,,,,,,,,,,,
202406251749_PMA_dbgi_mapp_bk_blk_post02.mzML,ND,ND,ND,ND,ND,ND,ND,ND,ND,blank,,,,,,,,,,,,,,,,,,,,,,,,,,,,,,,,,,,,,,,,,,,,,,,
202406251749_PMA_dbgi_mapp_bk_blk_post01.mzML,ND,ND,ND,ND,ND,ND,ND,ND,ND,blank,,,,,,,,,,,,,,,,,,,,,,,,,,,,,,,,,,,,,,,,,,,,,,,
202406251749_PMA_dbgi_blk_pre01.mzML,ND,ND,ND,ND,ND,ND,ND,ND,ND,blank,,,,,,,,,,,,,,,,,,,,,,,,,,,,,,,,,,,,,,,,,,,,,,,
